name,callsign,wiki,imo,mmsi,cruise_line,major_cruise_line,year_built,class,gross_tonnage,decks,capacity,length,vessel_type,flag,home_port
Wind Surf,C6IO6,https://en.wikipedia.org/wiki/Wind_Surf_(ship),,,1990–1998: Club Med1998 onwards: Windstar Cruises,Other,1990,,,8,386,187,,,
Marco Polo,C6JZ7,https://en.wikipedia.org/wiki/MS_Marco_Polo,6417097,308693000,1965–1980?: Baltic Shipping Company[1]1979?–1984: Transocean Tours[4]1985: Far Eastern Shipping Company1985–19??:CTC Cruises1990–1993: laid up/rebuilt1993–2008: Orient Lines[1]2008–2010: Transocean Tours[5]2010 onwards: Cruise & Maritime Voyages[6],Other,1964,Ivan Franko-class passenger ship → Ocean liner,22080,,820,176.28,passengers ship,BAHAMAS,nassau
Seabourn Quest,C6YZ5,https://en.wikipedia.org/wiki/MV_Seabourn_Quest,9483126,311038900,Seabourn Cruise Line,Other,2011,Seabourn Odyssey class,32477,11,450,198.15,passengers ship,BAHAMAS,nassau
Oriana,ZCDU9,https://en.wikipedia.org/wiki/MV_Oriana_(1995),9050137,310529000,P&O Cruises,Other,1995,,69840,10,,260,passengers ship,BERMUDA,hamilton
European Causeway,C6RG7,https://en.wikipedia.org/wiki/MV_European_Causeway,9208394,311027000,P&O Ferries,Other,2000,,20646,,410,156.2,ro,BAHAMAS,nassau
Sensation,C6FM8,https://en.wikipedia.org/wiki/Carnival_Sensation,8711356,309697000,Carnival Cruise Lines,Carnival Cruise Line,1993,Fantasy-class cruise ship,70538,10,2056,69,passengers ship,BAHAMAS,nassau
Carnival Pride,H3VU,https://en.wikipedia.org/wiki/Carnival_Pride,9223954,354215000,Carnival Cruise Lines,Carnival Cruise Line,2001,Spirit-class cruise ship,85920,12,2124,,passengers ship,PANAMA,
Celebrity Mercury,9HJG9,https://en.wikipedia.org/wiki/Mein_Schiff_2,9106302,249053000,1997–2011: Celebrity Cruises2011 onwards: TUI Cruises,Celebrity Cruises,1997,Century-class cruise ship,77302,12,1886,,passengers ship,MALTA,valletta
Sapphire Princess,ZCDG7,https://en.wikipedia.org/wiki/Sapphire_Princess,9228186,235103357,Princess Cruises,Princess Cruises,2004,,115875,13,2670,290,passengers ship,UNITED KINGDOM,
Carnival Conquest,3FPQ9,https://en.wikipedia.org/wiki/Carnival_Conquest,9198355,357657000,Carnival Cruise Line,Carnival Cruise Line,2002,Conquest-class cruise ship,110239,13,2974,,passengers ship,PANAMA,
Spirit Of Glacier Bay,WDD4938,https://en.wikipedia.org/wiki/Spirit_of_Glacier_Bay,8883563,367645050,Cruise West,Other,1984,,1471,,102,52.578,passengers ship,USA,
Celebrity Silhouette,9HA2583,https://en.wikipedia.org/wiki/Celebrity_Silhouette,9451094,248939000,Celebrity Cruises,Celebrity Cruises,2011,Solstice-class cruise ship,122210,,2886,315,passengers ship,MALTA,valletta
Celebrity Summit,9HJC9,https://en.wikipedia.org/wiki/Celebrity_Summit,9192387,249047000,Celebrity Cruises,Celebrity Cruises,,Millennium-class cruise ship,90940,11,2158,294,passengers ship,MALTA,valletta
Sovereign,9HUE9,https://en.wikipedia.org/wiki/MS_Sovereign,8512281,249539000,Pullmantur CruisesRoyal Caribbean International,Royal Caribbean International,1988,Sovereign-class cruise ship,73529,,2850,268.33,passengers ship,MALTA,valletta
Splendour Of The Seas,C6TZ9,https://en.wikipedia.org/wiki/TUI_Discovery,9070632,249639000,1995–2016 Royal Caribbean International2016–Present: TUI Cruises/Thomson Cruises,Royal Caribbean International,1996,Vision-class cruise ship,69472,11,2076,264,passengers ship,MALTA,valletta
Stena Explorer,MVBD8,https://en.wikipedia.org/wiki/HSC_One_World_Karadeniz,9080194,232002562,Karadeniz Holding,Other,1996,HSS 1500,19638,,1500,125,ro,UNITED KINGDOM,monrovia
Oceanic,9HOE8,https://en.wikipedia.org/wiki/SS_Oceanic_(1965),5260679,,1965—1986: Home Lines1986—2000: Premier Cruises2001—2009: Pullmantur Cruises[1]2009-2012: Peace Boat[2],Other,1963,,38772,10,1800,238.44,passengers ship,PANAMA,
Saga Sapphire,9HOF8,https://en.wikipedia.org/wiki/MS_Saga_Sapphire,7822457,256208000,1981–1999: Hapag-Lloyd1999–2004; Star Cruises2004–2008: Pullmantur Cruises2008–2011: CDF Croisières de France[1]2011 onwards: Saga,Other,1982,,37049,12,752,199.63,passengers ship,MALTA,valletta
Aurora,ZCDW9,https://en.wikipedia.org/wiki/MV_Aurora_(2000),9169524,310556000,P&O Cruises,Other,2000,,76152,10,1878,270,passengers ship,BERMUDA,hamilton
Disney Magic,C6PT7,https://en.wikipedia.org/wiki/Disney_Magic,9126807,308516000,Disney Cruise Line,Disney Cruises,1998,Magic-class (Disney) [1],83969,11,2700,,passengers ship,BAHAMAS,nassau
Norwegian Getaway,C6ZJ4,https://en.wikipedia.org/wiki/Norwegian_Getaway,9606924,311050900,Norwegian Cruise Line,Norwegian Cruise Line,2014,,145655,18,,326,passengers ship,BAHAMAS,nassau
Bremen,C6JC3,https://en.wikipedia.org/wiki/Bremen,,,,Other,,,,,,,,,
Pride Of Canterbury,MPQZ6,https://en.wikipedia.org/wiki/MS_Pride_of_Canterbury,9007295,232001060,P&O European Ferries,Other,1992,,30635,,200,180,ro,UNITED KINGDOM,dover
M/V Aurora,WYM9567,https://en.wikipedia.org/wiki/MV_Aurora_(1977),7502332,338205000,Alaska Marine Highway System,Other,1977,,3124,,250,,ro,USA,hoonah ak
Dawn Princess,ZCBU2,https://en.wikipedia.org/wiki/Pacific_Explorer,9103996,232006603,P&O Cruises Australia,Other,1997,Sun-class cruise ship,77441,10,1998,,passengers ship,UNITED KINGDOM,hamilton
Christina O,C6FN7,https://en.wikipedia.org/wiki/Silver_Whisper,9192179,308322000,Silversea Cruises,Silversea Cruises,2000,,28258,10,382,186,passengers ship,BAHAMAS,nassau
Norwegian Spirit,C6TQ6,https://en.wikipedia.org/wiki/Norwegian_Spirit,9141065,311746000,1998–2004: Star Cruises2004–present: Norwegian Cruise Line,Norwegian Cruise Line,1998,Leo-class cruise ship,75904,14,1996,,passengers ship,BAHAMAS,nassau
Carnival Victory,3FFL8,https://en.wikipedia.org/wiki/Carnival_Victory,9172648,355263000,Carnival Cruise Line,Carnival Cruise Line,2000,Destiny-class cruise ship,101509,13,,,passengers ship,PANAMA,
Costa Magica,IBQQ,https://en.wikipedia.org/wiki/Costa_Magica,9239795,247113300,Costa Crociere,Costa Crociere,2004,Fortuna-class cruise ship,102587,13,3470,271,passengers ship,ITALY,genova
Regatta,V7DM3,https://en.wikipedia.org/wiki/MS_Regatta,9156474,538001664,1998—2001: Renaissance Cruises2001—2002: laid up2002—2003: Oceania Cruises2003: TMR2003—present: Oceania Cruises[1][2],Other,,R class cruise ship (as built)Regatta class cruise ship (currently),30277,9,684,178,passengers ship,MARSHALL IS,majuro
Celebrity Reflection,9HA3047,https://en.wikipedia.org/wiki/Celebrity_Reflection,9506459,229074000,Celebrity Cruises,Celebrity Cruises,2012,Solstice-class cruise ship,125366,17,,319,passengers ship,MALTA,valletta
Celebrity Galaxy,9HJH9,https://en.wikipedia.org/wiki/Mein_Schiff_1,9106297,249051000,1996—2009: Celebrity Cruises2009 onwards: TUI Cruises,Celebrity Cruises,1996,Century-class cruise ship,76998,10,1870,259.7,passengers ship,MALTA,valletta
Eldorado,PEEA,https://en.wikipedia.org/wiki/El_Dorado,,,,Other,,,,,,,,,
Nippon Maru,JNNU,https://en.wikipedia.org/wiki/Nippon_Maru_(1930),,,,Other,,,,,,,,,
Norse Mersey,IBEN,https://en.wikipedia.org/wiki/MS_Stena_Mersey,9329851,235068243,2005–2006: Norse Merchant Ferries2006–2010: Norfolkline2010–2010: DFDS SeawaysDec 2010–: Stena Line,Other,2005,,27510,,980,186.46,ro,UNITED KINGDOM,belfast
Malaspina,WI6803,https://en.wikipedia.org/wiki/MV_Malaspina,5218183,367143000,Alaska Marine Highway System,Other,1963,Malaspina-class mainline ferry,9121,,500,,ro,USA,skagway ak
Ryndam,PHFV,https://en.wikipedia.org/wiki/Pacific_Aria,8919269,235113823,Holland America Line,Holland America Line,1994,Statendam-class cruise ship,55877,10,1258,220,passengers ship,UNITED KINGDOM,
Costa Fortuna,IBNY,https://en.wikipedia.org/wiki/Costa_Fortuna,9239783,247094800,Costa Crociere,Costa Crociere,2003,Fortuna class cruise ship,102669,13,2720,273,passengers ship,ITALY,genova
Majesty of the Seas,C6FZ8,https://en.wikipedia.org/wiki/MS_Majesty_of_the_Seas,8819512,311734000,Royal Caribbean International,Royal Caribbean International,1992,Sovereign-class cruise ship,74077,13,2744,,passengers ship,BAHAMAS,nassau
Mont Saint Michel,FNMT,https://en.wikipedia.org/wiki/MV_Mont_St_Michel,9238337,227023100,Brittany Ferries,Other,2002,,35586,,2123,173,ro,FRANCE,caen
Sun Princess,ZCBU6,https://en.wikipedia.org/wiki/Sun_Princess,9000259,310438000,Princess Cruise Line,Other,1995,Sun-class cruise ship,77441,15,2010,261.31,passengers ship,BERMUDA,hamilton
Brilliance Of The Seas,C6SJ5,https://en.wikipedia.org/wiki/MS_Brilliance_of_the_Seas,9195200,311361000,Royal Caribbean Cruises Ltd.,Royal Caribbean International,2002,Radiance-class cruise ship,90090,12,2501,292,passengers ship,BAHAMAS,nassau
Sea Cloud,9HOM2,https://en.wikipedia.org/wiki/Sea_Cloud,,,"Edward Francis Hutton, Marjorie Merriweather Post",Other,1931,(1942–1944) United States Coast Guard Cutter/(1944–present) barque,,,,,,,
Greta,IBNC,,,,,Other,,,,,,,,,
Norwegian Jewel,C6TX6,https://en.wikipedia.org/wiki/Norwegian_Jewel,,,Norwegian Cruise Line,Norwegian Cruise Line,,Jewel-class cruise ship,93502,15,2376,,,,
Carnival Legend,H3VT,https://en.wikipedia.org/wiki/Carnival_Legend,9224726,229857000,Carnival Cruise Lines,Carnival Cruise Line,2002,Spirit-class cruise ship,85942,12,2124,,passengers ship,MALTA,
Statendam,PHSG,https://en.wikipedia.org/wiki/Pacific_Eden,8919245,235113819,Holland America Line,Holland America Line,1993,S class cruise ship,55877,14,1258,219,passengers ship,UNITED KINGDOM,
Explorer Of The Seas,C6SE4,https://en.wikipedia.org/wiki/MS_Explorer_of_the_Seas,9161728,311316000,Royal Caribbean International,Royal Caribbean International,2000,Voyager-class cruise ship,138194,15,4029,311,passengers ship,BAHAMAS,nassau
Paul Gauguin,C6TH5,https://en.wikipedia.org/wiki/Paul_Gauguin_(ship),9111319,311652000,Paul Gauguin Cruises,Other,1997,,19170,7,,,passengers ship,BAHAMAS,nassau
Sarfaq Ittuk,OWDD,https://en.wikipedia.org/wiki/Arctic_Umiaq_Line,,,,Other,,,,,,,,,
Mercury,3FFC7,,,,,Other,,,,,,,,,
Safari Quest,WDB7690,https://en.wikipedia.org/wiki/River_Safari,,,,Other,,,,,,,,,
Melody,3FBS7,https://en.wikipedia.org/wiki/MS_Melody,7902295,419000861,1982—1988: Home Lines1988—1997: Premier Cruise Lines1997—2013: MSC Cruises[1],Other,1982,,35143,9,,204.81,passengers ship,INDIA,
Princess of Norway,OXED2,https://en.wikipedia.org/wiki/MS_Princess_Seaways,8502391,220489000,1986–1993: TT-Line1993–2002: TT-Line Pty. Ltd.2003–2006: Fjord Line2006 onwards:  DFDS Seaways,Other,1986,Peter Pan class cruiseferry,31356,,,161,ro,DENMARK,copenhagen
Bahamas Celebration,C6XJ3,https://en.wikipedia.org/wiki/MS_Bahamas_Celebration,7904891,,1981–1990: Jahre Line1990–2008: Color Line[1]2009–2014: Celebration Cruise Line[2]Manager: International Shipping Partners[3],Other,1982,,35855,,1900,205,ro,ST KITTS NEVIS,
Westerdam,PINX,https://en.wikipedia.org/wiki/MS_Westerdam,9226891,244128000,Holland America Line,Holland America Line,,Vista class cruise ship,82348,11,1916,,passengers ship,NETHERLANDS,rotterdam
Liberty of The Seas,C6VQ8,https://en.wikipedia.org/wiki/MS_Liberty_of_the_Seas,9330032,309436000,Royal Caribbean International,Royal Caribbean International,2007,Freedom-class cruise ship,155889,18,,,passengers ship,BAHAMAS,nassau
Inspiration,C6FM5,https://en.wikipedia.org/wiki/Carnival_Inspiration,9087489,309484000,Carnival Cruise Line,Carnival Cruise Line,1996,Fantasy-class cruise ship,70367,,3450,262,passengers ship,BAHAMAS,nassau
Fascination,C6FM9,https://en.wikipedia.org/wiki/Carnival_Fascination,9041253,309682000,Carnival Cruise Lines,Carnival Cruise Line,1994,Fantasy-class cruise ship,70538,10,2056,262,passengers ship,BAHAMAS,nassau
Seabourn Pride,C6FR5,https://en.wikipedia.org/wiki/Star_Pride,8707343,311084000,1988-2014: Seabourn Cruise LineWindstar Cruises 2014-present[3],Other,1988,Pride-Class Ships,9975,5,208,133.4,passengers ship,BAHAMAS,nassau
Carnival Spirit,3FPR9,https://en.wikipedia.org/wiki/Carnival_Spirit,9188647,229136000,Carnival Cruise Line,Carnival Cruise Line,2001,Spirit-class cruise ship,85920,12,2124,,passengers ship,MALTA,valletta
Serenade Of The Seas,C6FV8,https://en.wikipedia.org/wiki/MS_Serenade_of_the_Seas,9228344,311492000,Royal Caribbean International,Royal Caribbean International,2003,Radiance-class cruise ship,90090,12,2490,293.2,passengers ship,BAHAMAS,nassau
Independence of the Seas,C6WW4,https://en.wikipedia.org/wiki/MS_Independence_of_the_Seas,9349681,309374000,Royal Caribbean International,Royal Caribbean International,2008,Freedom-class cruise ship,154407,15,4370,338.95,passengers ship,BAHAMAS,nassau
Norwegian Breakaway,C6ZJ3,https://en.wikipedia.org/wiki/Norwegian_Breakaway,9606912,311050800,Norwegian Cruise Line,Norwegian Cruise Line,2013,,145655,18,,325.64,passengers ship,BAHAMAS,nassau
Tahitian Princess,ZCDD8,https://en.wikipedia.org/wiki/MS_Sirena,9187899,538006842,1999–2001: Renaissance Cruises2001–2002: laid up2002–2016: Princess Cruises2016-present: Oceania Cruises,Princess Cruises,,R class cruise ship (as built)Regatta class cruise ship (currently),30277,11,,181,passengers ship,MARSHALL IS,majuro
Carnival Spirit,9HA3097,https://en.wikipedia.org/wiki/Carnival_Spirit,9188647,229136000,Carnival Cruise Line,Carnival Cruise Line,2001,Spirit-class cruise ship,85920,12,2124,,passengers ship,MALTA,valletta
Azamara Journey,9HOB8,https://en.wikipedia.org/wiki/Azamara_Journey,9200940,256204000,2007 onwards: Azamara Cruises,Other,2000,R-class cruise ship,30277,11,694,181,passengers ship,MALTA,valletta
Azamara Quest,9HOM8,https://en.wikipedia.org/wiki/Azamara_Quest,9210218,256216000,2000–2001: Renaissance Cruises2003–2006: Delphin Seereisen2006–2007: Pullmantur Cruises2007 onwards: Azamara Cruises[1],Other,2000,R-class cruise ship,30277,11,686,181,passengers ship,MALTA,valletta
Queen Elizabeth,ZCEF2,,,,,Other,,,,,,,,,
Wind Star,C6CA9,https://en.wikipedia.org/wiki/Windstar_Cruises,,,,Other,,,,,,,,,
Pongnae,3FDZ8,https://en.wikipedia.org/wiki/MV_Oriental_Dragon,7125861,353669000,"Island Ship Management, Ltd.[1]",Other,1972,,18455,,,171.69,passengers ship,PANAMA,
MSC Opera,H3FV,https://en.wikipedia.org/wiki/MSC_Opera,9250464,357627000,MSC Cruises,Other,2004,Lirica class cruise ship,65591,9,2199,251.25,passengers ship,PANAMA,
Star Princess,ZCDD6,https://en.wikipedia.org/wiki/Star_Princess,9192363,310361000,Princess Cruise Line,Other,2002,Grand class cruise ship,108977,13,3100,289.62,passengers ship,BERMUDA,hamilton
Costa Victoria,IBLC,https://en.wikipedia.org/wiki/Costa_Victoria,9109031,247109000,Costa Crociere,Costa Crociere,1996,Victoria-class cruise ship,75166,12,2394,252,passengers ship,ITALY,genova
Deutschland,DMMC,https://en.wikipedia.org/wiki/MS_Deutschland,9141807,311000410,previously Peter Deilmann Reederei [1]Semester at Sea,Other,1998,,22496,10,520,175,passengers ship,BAHAMAS,nassau
Norwegian Sea,C6DM2,https://en.wikipedia.org/wiki/SuperStar_Libra,,,1988–2005: Norwegian Cruise Line2005–present: Star Cruises,Norwegian Cruise Line,1988,Libra Class,42275,10,1480,,,,
Discovery,3FII9,,,,,Other,,,,,,,,,
Costa Atlantica,IBLQ,https://en.wikipedia.org/wiki/Costa_Atlantica,9187796,247645000,Costa Crociere,Costa Crociere,1999,Spirit class cruise ship,85619,,2114,292.56,passengers ship,ITALY,genova
Costa Neoclassica,ICIC,https://en.wikipedia.org/wiki/Costa_neoClassica,8716502,247819000,Costa Crociere,Costa Crociere,1991,,53015,14,1308,,passengers ship,ITALY,genova
Carnival Triumph,C6FN5,https://en.wikipedia.org/wiki/Carnival_Triumph,9138850,308045000,Carnival Cruise Lines,Carnival Cruise Line,1999,Destiny/Triumph-class cruise ship,101509,13,3143,,passengers ship,BAHAMAS,nassau
Allure of the Seas,C6XS8,https://en.wikipedia.org/wiki/MS_Allure_of_the_Seas,9383948,311020700,Royal Caribbean International,Royal Caribbean International,2010,Oasis-class cruise ship,220000,16,5400,360,passengers ship,BAHAMAS,nassau
Oleander,P3ZJ8,https://en.wikipedia.org/wiki/MS_Sherbatskiy,7820497,210422000,Acciona Trasmediterranea,Other,1980,,13728,,1326,132.5,ro,CYPRUS,limassol
Tustumena,WNGW,https://en.wikipedia.org/wiki/MV_Tustumena,6421086,303267000,Alaska Marine Highway System,Other,1963,,4529,,211,,ro,USA,juneau ak
Fairweather,WDB5604,https://en.wikipedia.org/wiki/MV_Fairweather,9265809,338116000,Alaska Marine Highway System,Other,2004,Det Norske Veritas catamaran ro-ro ferry,3424,,250,,ro,USA,juneau ak
Rms Queen Mary 2,ZCEF6,https://en.wikipedia.org/wiki/RMS_Queen_Mary_2,9241061,310627000,Cunard Line,Other,2004,,149215,14,2695,,passengers ship,BERMUDA,hamilton
Barbarossa,IBJD,https://en.wikipedia.org/wiki/Costa_Deliziosa,9398917,247282900,Costa Crociere,Costa Crociere,2010,Vista/Spirit-class hybrid cruise ship,92720,16,2828,294,passengers ship,ITALY,genova
Silver Cloud,C6MQ5,https://en.wikipedia.org/wiki/Silver_Cloud_(ship),8903923,309027000,Silversea Cruises,Silversea Cruises,1994,,16927,9,296,,passengers ship,BAHAMAS,nassau
Veendam,PHEO,https://en.wikipedia.org/wiki/MS_Veendam,,,Holland America Line,Holland America Line,,Statendam-class cruise ship,57092,13,1350,,,,
Lord Of The Glens,ZQOE9,https://en.wikipedia.org/wiki/Clan_MacAuley_of_the_Glens,,,,Other,,,,,,,,,
Superstar Express,3FFX9,https://en.wikipedia.org/wiki/Jesus_Christ_Superstar,,,,Other,,,,,,,,,
Superseacat Three,IBGH,https://en.wikipedia.org/wiki/HSC_Almudaina_Dos,9141833,212235000,Hoverspeed 1997-2004Silja Line 2004-2005Acciona Trasmediterránea 2005-present,Other,,MDV1200 class fast ferry,4662,,,100,ro,CYPRUS,
Spirit Of Vi,CFL2070,https://en.wikipedia.org/wiki/MV_Spirit_of_Vancouver_Island,9030682,316001269,British Columbia Ferry Services Inc.,Other,1994,S-class ferry,18747,,2100,167.57,ro,CANADA,victoria
Amsterdam,PBAD,https://en.wikipedia.org/wiki/MS_Amsterdam,9188037,244370000,Holland America,Holland America Line,2000,R class cruise ship,62735,12,,237,passengers ship,NETHERLANDS,rotterdam
Norwegian Crown,C6II4,https://en.wikipedia.org/wiki/MV_Balmoral_(1987),8506294,308785000,1988–1996: Royal Cruise Line1996–2000: Norwegian Cruise Line2000–2003: Orient Lines2003–2007: Norwegian Cruise Line2007 onwards: Fred. Olsen Cruise Lines[1],Norwegian Cruise Line,1987,,43537,10,1778,217.91,passengers ship,BAHAMAS,nassau
Anthem Of The Seas,C6BI7,https://en.wikipedia.org/wiki/MS_Anthem_of_the_Seas,9656101,311000274,Royal Caribbean International,Royal Caribbean International,2015,Quantum-class cruise ship,168666,18,4180,348,passengers ship,BAHAMAS,nassau
Napoleon Bonaparte,FNNB,https://en.wikipedia.org/wiki/Napoleon,,,,Other,,,,,,,,,
Fram,LADA7,https://en.wikipedia.org/wiki/MS_Fram,9370018,258932000,Hurtigruten,Other,2006,,11647,,400,114,ro,NORWAY,tromso
European Highlander,C6SN6,https://en.wikipedia.org/wiki/MV_European_Highlander_(2002),9244116,311404000,P&O Ferries,Other,2002,,21188,6,410,162.7,ro,BAHAMAS,nassau
Costa Concordia,ITMCC,https://en.wikipedia.org/wiki/Costa_Concordia,9320544,247158500,Costa Crociere,Costa Crociere,2006,Concordia-class cruise ship,114147,13,3780,290.2,passengers ship,ITALY,
Stena Europe,VSTA3,https://en.wikipedia.org/wiki/MS_Stena_Europe,7901760,235004539,1981-1987: Stena Line1997-1998: Lion Ferry1998 onwards: Stena Line,Other,,,24828,10,1400,149.05,ro,UNITED KINGDOM,fishguard
Oosterdam,PBKH,https://en.wikipedia.org/wiki/MS_Oosterdam,9221281,245417000,Holland America Line,Holland America Line,2003,Vista class cruise ship,82820,11,1848,290,passengers ship,NETHERLANDS,rotterdam
Ventura,ZCDT2,https://en.wikipedia.org/wiki/MV_Ventura,9333175,310562000,P&O Cruises,Other,2008,Grand class cruise ship,116017,19,3192,291.4,passengers ship,BERMUDA,hamilton
Norwegian Epic,C6XP7,https://en.wikipedia.org/wiki/Norwegian_Epic,9410569,311018500,Norwegian Cruise Line,Norwegian Cruise Line,2009,Epic-class cruise ship[2],155873,19,,329,passengers ship,BAHAMAS,nassau
Mariner Of The Seas,C6FV9,https://en.wikipedia.org/wiki/MS_Mariner_of_the_Seas,9227510,311493000,Royal Caribbean International,Royal Caribbean International,2003,Voyager-class cruise ship,138279,,3114,,passengers ship,BAHAMAS,nassau
Gardenia,P3JY9,https://en.wikipedia.org/wiki/Gardenia,,,,Other,,,,,,,,,
Professor Molchanov,UAKA,https://en.wikipedia.org/wiki/Professor_Molchanov,8010348,273458500,Oceanwide Expeditions,Other,1982,Akademik Shuleykin-class research vessel; now passenger vessel,1753,,48,69.7,research,RUSSIA,arkhangelsk
Sea Cloud II,9HUE6,https://en.wikipedia.org/wiki/Sea_Cloud_II,9171292,248953000,Sea Cloud Cruises GmbH,Other,2001,,3849,5,96,105.9,passengers ship,MALTA,valletta
Crystal Symphony,C6MY5,https://en.wikipedia.org/wiki/Crystal_Symphony,9066667,309168000,Crystal Cruises,Other,1995,,51044,12,922,238,passengers ship,BAHAMAS,nassau
Carnival Destiny,C6FN4,https://en.wikipedia.org/wiki/Carnival_Sunshine,9070058,308017000,Carnival Cruise Line,Carnival Cruise Line,1996,Destiny-class cruise ship,103881,13,3006,272.2,passengers ship,BAHAMAS,nassau
Commodore Goodwill,C6NU8,https://en.wikipedia.org/wiki/Transport_in_Jersey,,,,Other,,,,,,,,,
Dawn Merchant,MYIL6,https://en.wikipedia.org/wiki/MS_Kaiarahi,,,Und RO-RO,Other,1998,,22152,9,520,179.93,,,
Quiberon,FNQY,https://en.wikipedia.org/wiki/MV_Quiberon,7362110,,Medmar,Other,1975,,11813,,,129,ro,ST KITTS NEVIS,
Costa Concordia,IBHD,https://en.wikipedia.org/wiki/Costa_Concordia,9320544,247158500,Costa Crociere,Costa Crociere,2006,Concordia-class cruise ship,114147,13,3780,290.2,passengers ship,ITALY,
Radiance Of The Seas,C6SE7,https://en.wikipedia.org/wiki/MS_Radiance_of_the_Seas,9195195,311319000,Royal Caribbean International,Royal Caribbean International,2001,Radiance class cruise ship,90090,13,2501,293.2,passengers ship,BAHAMAS,nassau
Pride Of Cherbourg,VQAA9,https://en.wikipedia.org/wiki/Pride_of_Cherbourg,,,,Other,,,,,,,,,
Spirit Of Tasmania II,VNSZ,https://en.wikipedia.org/wiki/MS_Spirit_of_Tasmania_II,9158434,503433000,1998–2002: Superfast Ferries2003–2006: TT-Line Pty. Ltd.[1],Other,1998,Superfast III class fast ropax ferry,29338,,1400,194.3,ro,AUSTRALIA,devonport
Le Ponant,FGZZ,https://en.wikipedia.org/wiki/MY_Le_Ponant,8914219,227186000,,Other,1991,,1189,3,67,88,passengers ship,FRANCE,matautu
Emerald Princess,ZCDP8,https://en.wikipedia.org/wiki/Emerald_Princess,9333151,310531000,Princess Cruises,Princess Cruises,2007,Grand-class cruise ship,113561,15,3114,,passengers ship,BERMUDA,hamilton
Carnival Glory,3FPS9,https://en.wikipedia.org/wiki/Carnival_Glory,9198367,357659000,Carnival Cruise Lines,Carnival Cruise Line,2003,Conquest-class cruise ship,110239,13,2974,,passengers ship,PANAMA,
Prinsendam,PBGH,https://en.wikipedia.org/wiki/MS_Prinsendam_(1988),8700280,244126000,1988–1994  Royal Viking Line1994–1998  Cunard Line1998–2002  Seabourn Cruise Line2002–          Holland America Line,Holland America Line,1988,Cruise ship,39051,9,793,204,passengers ship,NETHERLANDS,rotterdam
Grandeur Of The Seas,C6SE3,https://en.wikipedia.org/wiki/MS_Grandeur_of_the_Seas,9102978,311315000,Royal Caribbean International,Royal Caribbean International,1996,Vision-class cruise ship,73817,11,2446,279,passengers ship,BAHAMAS,nassau
Rhapsody Of The Seas,C6UA2,https://en.wikipedia.org/wiki/MS_Rhapsody_of_the_Seas,9116864,311805000,Royal Caribbean International[1],Royal Caribbean International,1997,Vision-class cruise ship,78878,12,2435,279,passengers ship,BAHAMAS,nassau
Normandie,FNNO,https://en.wikipedia.org/wiki/MV_Normandie,9006253,227273000,Brittany Ferries,Other,1992,,27451,,2123,161,ro,FRANCE,caen
PrinceSS Of Acadia,VGDT,https://en.wikipedia.org/wiki/MV_Princess_of_Acadia_(1971),7039567,316003563,Bay Ferries,Other,1971,,10051,,650,,ro,CANADA,saint john
Columbia,WYR2092,https://en.wikipedia.org/wiki/MV_Columbia,7320095,367144000,Alaska Marine Highway System,Other,,RORO ferry,13009,,,,ro,USA,ketchikan ak
Club Med II,FNIR,https://en.wikipedia.org/wiki/Club_Med_2,9007491,227194000,Club Med,Other,1996,,14983,8,386,182,passengers ship,FRANCE,matautu
Costa Luminosa,ICGU,https://en.wikipedia.org/wiki/Costa_Luminosa,9398905,247257900,Costa Crociere,Costa Crociere,2008,Hybrid design based on the Vista and Spirit class cruise ships,92720,12,2260,294,passengers ship,ITALY,genova
Norwegian Star,C6FR3,https://en.wikipedia.org/wiki/Norwegian_Star,9195157,311082000,Norwegian Cruise Line,Norwegian Cruise Line,2001,Dawn-class cruise ship,91740,15,2348,294.13,passengers ship,BAHAMAS,nassau
Pacific Sun,9HA2479,https://en.wikipedia.org/wiki/Henna_(ship),8314122,248708000,1986–2004: Carnival Cruise Lines2004–2012: P&O Cruises Australia2012–2015: HNA Tourism Cruise,Carnival Cruise Line,1986,Holiday-class cruise ship,47678,9,1486,223.4,passengers ship,MALTA,
Paradise,3FOB5,https://en.wikipedia.org/wiki/Carnival_Paradise,9120877,355833000,Carnival Cruise Lines,Carnival Cruise Line,1998,Fantasy class cruise ship,70390,,2052,262,passengers ship,PANAMA,
Fantasy,H3GS,https://en.wikipedia.org/wiki/Carnival_Fantasy,8700773,353486000,Carnival Cruise Line,Carnival Cruise Line,1990,Fantasy-class cruise ship,70367,10,2052,,passengers ship,PANAMA,
Carnival Miracle,H3VS,https://en.wikipedia.org/wiki/Carnival_Miracle,9237357,354277000,Carnival Cruise Line,Carnival Cruise Line,2004,Spirit-class cruise ship,85942,12,2124,,passengers ship,PANAMA,
Carnival Freedom,3EBL5,https://en.wikipedia.org/wiki/Carnival_Freedom,9333149,371154000,Carnival Cruise Line,Carnival Cruise Line,2007,Conquest-class cruise ship,110320,13,2974,290,passengers ship,PANAMA,
Pride Of Calais,GJLY,https://en.wikipedia.org/wiki/MS_Pride_of_Calais,8517748,232001710,1987-2002: P&O European Ferries1998-2002: P&O Stena Line2002-2012: P&O Ferries2012-2013: Transeuropa Ferries,Other,1987,,26433,,2290,169.6,ro,UNITED KINGDOM,
Ben-my-chree,MXLG6,https://en.wikipedia.org/wiki/MS_Ben-my-Chree,9170705,234983000,Isle of Man Steam Packet Company,Other,1998,,12747,,,117,ro,UNITED KINGDOM,"douglas "
Balmoral,GRPM,https://en.wikipedia.org/wiki/MV_Balmoral_(1987),8506294,308785000,1988–1996: Royal Cruise Line1996–2000: Norwegian Cruise Line2000–2003: Orient Lines2003–2007: Norwegian Cruise Line2007 onwards: Fred. Olsen Cruise Lines[1],Norwegian Cruise Line,1987,,43537,10,1778,217.91,passengers ship,BAHAMAS,nassau
Seven Seas Mariner,C6VV8,https://en.wikipedia.org/wiki/Seven_Seas_Mariner,9210139,311622000,Regent Seven Seas Cruises,Other,,,48075,8,700,216,passengers ship,BAHAMAS,nassau
Pride Of Kent,MQCJ2,https://en.wikipedia.org/wiki/MS_Pride_of_Kent,9015266,233009000,P&O Ferries,Other,1992,,30635,,200,179.7,ro,UNITED KINGDOM,dover
Azure,ZCEE2,https://en.wikipedia.org/wiki/MS_Azura,9424883,310610000,P&O Cruises,Other,2010,Ventura-class cruise ship,115055,,,290,passengers ship,BERMUDA,hamilton
Costa Serena,ICAZ,https://en.wikipedia.org/wiki/Costa_Serena,9343132,247187600,Costa Crociere,Costa Crociere,2007,Concordia-class cruise ship,114261,,3700,289.59,passengers ship,ITALY,genova
King of Scandinavia,OVOL2,,,,,Other,,,,,,,,,
Girolata,FPOD,https://en.wikipedia.org/wiki/Tour_de_Girolata,,,,Other,,,,,,,,,
Albatros,C6CN4,https://en.wikipedia.org/wiki/MS_Albatros,7304314,308784000,1972-1991: Royal Viking Line1991-1997: Royal Cruise Line1997-1998: Norwegian Cruise Line1999-2001: Norwegian Capricorn Line2001-2002: Star Cruises2002: Crown Investments2002-2005: Spanish Cruise Line2005-present: Phoenix Reisen,Norwegian Cruise Line,1973,,28518,,812,205.46,passengers ship,BAHAMAS,nassau
Barfleur,FNIE,https://en.wikipedia.org/wiki/Barfleur,,,,Other,,,,,,,,,
Endeavour,C6BE4,,,,,Other,,,,,,,,,
Matanuska,WN4201,https://en.wikipedia.org/wiki/M/V_Matanuska,5228827,338195000,Alaska Marine Highway,Other,1963,Malaspina-class mainline ferry,9214,,499,,ro,USA,haines ak
Seabourn Sojourn,C6YA5,https://en.wikipedia.org/wiki/MV_Seabourn_Sojourn,9417098,311027100,Seabourn Cruise Line,Other,2010,Seabourn Odyssey class,32477,,450,198,passengers ship,BAHAMAS,nassau
Vision of The Seas,C6SE8,https://en.wikipedia.org/wiki/MS_Vision_of_the_Seas,9116876,311321000,Royal Caribbean International,Royal Caribbean International,1998,Vision-class cruise ship,78717,11,2435,279,passengers ship,BAHAMAS,nassau
MSC Lirica,HOPW,https://en.wikipedia.org/wiki/MSC_Lirica,,,MSC Cruises,Other,2003,Lirica class cruise ship,58825,13,1560,251.25,,,
Stena Transporter,GZOL,https://en.wikipedia.org/wiki/Stena_Line,,,,Other,,,,,,,,,
Queen Of Scandinavia,OUSE6,https://en.wikipedia.org/wiki/MS_Moby_Dada,7911533,247374100,1981–1990: Effoa1990–2008:  DFDS Seaways2010–2016: St. Peter Line2016–onwards: Moby Lines,Other,1980,,34093,,1760,166.1,ro,ITALY,naples
St Helena,MMHE5,https://en.wikipedia.org/wiki/RMS_St_Helena_(1989),8716306,232669000,Andrew Weir Shipping Ltd,Other,,,6767,,128,105,passenger,UNITED KINGDOM,london
Queen Elizabeth 2,GBTT,https://en.wikipedia.org/wiki/Queen_Elizabeth_2,6725418,576059000,1969–2008: Cunard Line,Other,1969,Ocean liner/Cruise ship,70327,9,1777,293,passengers ship,VANUATU,
Costa Pacifica,ICJA,https://en.wikipedia.org/wiki/Costa_Pacifica,9378498,247258100,Costa Crociere,Costa Crociere,2008,Concordia-class cruise ship,114425,14,3780,290.2,passengers ship,ITALY,genova
Pacific Dawn,2AGH7,https://en.wikipedia.org/wiki/Pacific_Dawn_(ship),8521232,235059368,Princess Cruises,Princess Cruises,1991,Crown Princess-class cruise ship,70285,11,2020,245.06,passengers ship,UNITED KINGDOM,london
Celebrity Infinity,9HJD9,https://en.wikipedia.org/wiki/Celebrity_Infinity,9189421,249048000,Celebrity Cruises,Celebrity Cruises,2001,Millennium-class cruise ship,90940,12,,294,passengers ship,MALTA,valletta
Celebrity Century,9HJI9,https://en.wikipedia.org/wiki/SkySea_Golden_Era,9072446,249054000,Celebrity CruisesSkySea Cruise Lines,Celebrity Cruises,1995,Century-class cruise ship,72458,12,1814,248,passengers ship,MALTA,valletta
Costa Fascinosa,ICPO,https://en.wikipedia.org/wiki/Costa_Fascinosa,9479864,247313500,Costa Crociere,Costa Crociere,2012,Modified Concordia class cruise ship,113321,,3780,,passengers ship,ITALY,genova
Ecstasy,H3GR,https://en.wikipedia.org/wiki/Carnival_Ecstasy,8711344,353479000,Carnival Cruise Lines,Carnival Cruise Line,1990,Fantasy-class cruise ship,70526,12,2056,262,passengers ship,PANAMA,
Celebrity Constellation,9HJB9,https://en.wikipedia.org/wiki/Celebrity_Constellation,9192399,249046000,Celebrity Cruises,Celebrity Cruises,2001,Millennium-class cruise ship,90940,13,2038,294,passengers ship,MALTA,valletta
Norwegian Sun,C6RN3,https://en.wikipedia.org/wiki/Norwegian_Sun,9218131,311109000,Norwegian Cruise Line,Norwegian Cruise Line,,Sun class cruise ship,78309,13,1936,258,passengers ship,BAHAMAS,nassau
Norwegian Jade,C6WK7,https://en.wikipedia.org/wiki/Norwegian_Jade,9304057,308416000,NCL America,Other,2006,Jewel-class cruise ship,93558,15,2402,,passengers ship,BAHAMAS,nassau
Pride of America,WNBE,https://en.wikipedia.org/wiki/Pride_of_America,9209221,366994450,NCL America,Other,2005,,80439,15,2186,,passengers ship,USA,honolulu hi
Crown Princess,ZCDM6,https://en.wikipedia.org/wiki/Crown_Princess_(ship),9293399,310500000,Princess Cruise Line,Other,2006,Grand-class cruise ship,113561,19,3080,,passengers ship,BERMUDA,hamilton
Pride Of York,GIFR,https://en.wikipedia.org/wiki/MS_Pride_of_York,8501957,311063300,North Sea Ferries,Other,1987,,31785,,930,179.41,ro,BAHAMAS,nassau
Freedom of the Seas,C6UZ7,https://en.wikipedia.org/wiki/MS_Freedom_of_the_Seas,9304033,309906000,Royal Caribbean International,Royal Caribbean International,,,154407,,,,passengers ship,BAHAMAS,nassau
Disney Dream,C6YR6,https://en.wikipedia.org/wiki/Disney_Dream,9434254,311042900,Disney Cruise Line,Disney Cruises,2011,Dream-class (Disney) cruise ship,129690,16,2500,,passengers ship,BAHAMAS,nassau
Stad Amsterdam,PECA,https://en.wikipedia.org/wiki/Stad_Amsterdam,,,Randstad Holding,Other,2000,,,,115,76,,,
Plancius,PBQK,https://en.wikipedia.org/wiki/Petrus_Plancius,,,,Other,,,,,,,,,
European Seaway,MPDG3,https://en.wikipedia.org/wiki/MS_European_Seaway,9007283,232001040,1991-1998: P&O European Ferries1998-2002: P&O Stena Line2002-2012: P&O Ferries2012: Centrica Renewable Energy2012-onwards: P&O Ferries,Other,1991,,22986,,200,175,ro,UNITED KINGDOM,
Pride Of Bruges,PGJW,https://en.wikipedia.org/wiki/MS_Pride_of_Bruges,8503797,244387000,North Sea Ferries,Other,1987,,31598,,930,179.35,ro,NETHERLANDS,rotterdam
Zaandam,PDAN,https://en.wikipedia.org/wiki/MS_Zaandam,9156527,246442000,Holland America Line,Holland America Line,2000,,61396,,,237,passengers ship,NETHERLANDS,rotterdam
N G Explorer,C6WR2,https://en.wikipedia.org/wiki/MS_National_Geographic_Explorer,8019356,309336000,Lindblad Expeditions,Other,,,6471,3,148,112,passengers ship,BAHAMAS,nassau
Crown Of Scandinavia,OXRA6,https://en.wikipedia.org/wiki/MS_Crown_Seaways,8917613,219592000,DFDS Seaways,Other,1994,,35498,12,2136,171,ro,DENMARK,copenhagen
Silver Wind,C6FG2,https://en.wikipedia.org/wiki/Silver_Wind,8903935,308814000,Silversea Cruises,Silversea Cruises,1995,,17235,7,294,156,passengers ship,BAHAMAS,nassau
Thomson Majesty,9HA2188,https://en.wikipedia.org/wiki/MS_Thomson_Majesty,8814744,248124000,Majesty Cruise Line,Other,1992,,41662,9,1460,207.1,passengers ship,MALTA,valletta
Saga Pearl,C6NP5,https://en.wikipedia.org/wiki/Saga_Pearl_II,8000214,256878000,1981–1984: HADAG1984–1985: Safmarine1985–2001: Deutsche Seereederei2001–2009: Transocean Tours2009 onwards: Saga Cruises,Other,1981,cruise ship,18627,,602,164.35,passengers ship,MALTA,valletta
Eurodam,PHOS,https://en.wikipedia.org/wiki/MS_Eurodam,9378448,245206000,Holland America Line,Holland America Line,2008,Signature class cruise ship,86273,11,2104,,passengers ship,NETHERLANDS,rotterdam
The World,C6RW4,https://en.wikipedia.org/wiki/World,,,,Other,,,,,,,,,
Costa Adriatica,IFQQ,https://en.wikipedia.org/wiki/Emarginula_adriatica,,,,Other,,,,,,,,,
Norwegian Wind,C6LG6,https://en.wikipedia.org/wiki/SuperStar_Aquarius,,,,Other,,,,,,,,,
National Geographic Sea Bird,WAK8004,https://en.wikipedia.org/wiki/National_Geographic_Endeavour,6611863,735058913,Lindblad Expeditions,Other,1966,,3132,6,169,89.17,passengers ship,ECUADOR,
Seabourn Odyssey,C6XC6,https://en.wikipedia.org/wiki/MV_Seabourn_Odyssey,9417086,309416000,Seabourn Cruise Line,Other,2009,Seabourn Odyssey class,32477,11,450,,passengers ship,BAHAMAS,nassau
Norwegian Pearl,C6VG7,https://en.wikipedia.org/wiki/Norwegian_Pearl,9342281,309653000,Norwegian Cruise Line,Norwegian Cruise Line,2006,Jewel-class cruise ship,93530,15,2394,,passengers ship,BAHAMAS,nassau
Quantum Of The Seas,C6BH8,https://en.wikipedia.org/wiki/MS_Quantum_of_the_Seas,9549463,311000267,Royal Caribbean International,Royal Caribbean International,2014,Quantum-class cruise ship,168666,,4180,347.08,passengers ship,BAHAMAS,nassau
Navigator Of The Seas,C6FU4,https://en.wikipedia.org/wiki/MS_Navigator_of_the_Seas,9227508,311478000,Royal Caribbean International,Royal Caribbean International,2002,Voyager-class cruise ship,139570,15,3276,311,passengers ship,BAHAMAS,nassau
Golden Princess,ZCDA9,https://en.wikipedia.org/wiki/Golden_Princess,9192351,235113472,Princess Cruises,Princess Cruises,2001,Passenger,108865,17,2600,,passengers ship,UNITED KINGDOM,hamilton
Azamara Quest,V7DM6,https://en.wikipedia.org/wiki/Azamara_Quest,9210218,256216000,2000–2001: Renaissance Cruises2003–2006: Delphin Seereisen2006–2007: Pullmantur Cruises2007 onwards: Azamara Cruises[1],Other,2000,R-class cruise ship,30277,11,686,181,passengers ship,MALTA,valletta
Maasdam,PFRO,https://en.wikipedia.org/wiki/MS_Maasdam,8919257,244958000,Holland America Line,Holland America Line,1993,S class cruise ship,55575,10,1258,220,passengers ship,NETHERLANDS,rotterdam
MSC Armonia,H8EW,https://en.wikipedia.org/wiki/MSC_Armonia,,,2001—2004: Festival Cruises2004 onwards: MSC Cruises[1],Other,2000,Lirica class cruise ship,58625,9,1554,251.25,,,
Larkspur,C6BR6,,,,,Other,,,,,,,,,
MSC Magnifica,3FLO4,https://en.wikipedia.org/wiki/MSC_Magnifica,9387085,352594000,MSC Cruises,Other,2010,Musica-class cruise ship,95128,13,2550,293.8,passengers ship,PANAMA,
Europa,C6QK8,https://en.wikipedia.org/wiki/MS_Europa_(1999),9183855,308007000,Hapag-Lloyd Cruises,Other,1999,,28890,11,408,198.6,passengers ship,BAHAMAS,nassau
Noordam,PHET,https://en.wikipedia.org/wiki/MS_Noordam,9230115,246028000,Holland America Line,Holland America Line,,Vista class cruise ship,82897,11,1916,,passengers ship,NETHERLANDS,rotterdam
Rotterdam,PDGS,https://en.wikipedia.org/wiki/MS_Rotterdam,9122552,246167000,Holland America Line,Holland America Line,1997,Rotterdam-class cruise ship,61849,,1404,,passengers ship,NETHERLANDS,rotterdam
DucheSS Of Scandinavia,OUZI2,https://en.wikipedia.org/wiki/SS_Paris_(1916),,,,Other,,,,,,,,,
Yamal,UCJT,https://en.wikipedia.org/wiki/Yamal_(icebreaker),,,,Other,1992,Arktika-class icebreaker,,,,150,,,
Ali Cat,MZCL8,https://en.wikipedia.org/wiki/MV_Ali_Cat,,235056506,2002 – 2011: Caledonian MacBrayne2011 – : Argyll Ferries Ltd,Other,1999,,78,,250,,,,
Condor Express,9V5373,https://en.wikipedia.org/wiki/HSC_Champion_Jet_2,9135896,209074000,2015 onwards: Seajets1997-2014Condor Ferries,Other,1997,,5005,,800,86.62,ro,CYPRUS,limassol
Hamnavoe,VSTY7,https://en.wikipedia.org/wiki/MV_Hamnavoe,9246061,235449000,NorthLink Ferries,Other,2002,,8780,7,600,112,ro,UNITED KINGDOM,kirkwall
M/V Le Conte,WZE4270,https://en.wikipedia.org/wiki/MV_LeConte,7318925,338761000,Alaska Marine Highway System,Other,1973,,3124,,250,,ro,USA,petersburg ak
Seabourn Legend,C6FR6,https://en.wikipedia.org/wiki/Star_Legend_(ship),9008598,311085000,Seabourn Cruise Line 1996-2015Windstar Cruises 2015,Other,1992,,9961,,208,135,passengers ship,BAHAMAS,nassau
Jewel Of The Seas,C6FW9,https://en.wikipedia.org/wiki/MS_Jewel_of_the_Seas,9228356,311583000,Royal Caribbean,Royal Caribbean International,2004,Radiance-class cruise ship,90090,12,2501,,passengers ship,BAHAMAS,nassau
Orion II,9HUT9,https://en.wikipedia.org/wiki/Orion_International,,,,Other,,,,,,,,,
Isle Of Innisfree,EIBW,https://en.wikipedia.org/wiki/MV_Kaitaki,9107942,512445000,1995—2001: Irish Ferries2002—2005: P&O Ferries2005: Stena Line2005 onwards: Interislander[1],Other,1995,,22365,,1650,180,ro,NEW ZEALAND,portsmouth
Seven Seas Voyager,C6SW3,https://en.wikipedia.org/wiki/Seven_Seas_Voyager,9247144,311513000,Regent Seven Seas Cruises,Other,2003,,42363,12,700,206.5,passengers ship,BAHAMAS,nassau
Abis Bremen,PCJO,https://en.wikipedia.org/wiki/Education_in_Hamburg,,,,Other,,,,,,,,,
Commodore Clipper,C6QQ3,https://en.wikipedia.org/wiki/Consolidated_Commodore,,,,Other,,,,,,,,,
Radisson Diamond,C6OP6,https://en.wikipedia.org/wiki/MV_China_Star,9008407,309788000,China CruisesConning Shipping,Other,1992,,20295,,354,131.2,passengers ship,BAHAMAS,nassau
Astor,C6JR3,https://en.wikipedia.org/wiki/MS_Astor,8506373,308214000,1987–1988: Marlan Corporation1988–1990: Transocean Tours1990–1995: Neckermann Seereisen1995–1996: Aquamarin1996 onwards: Transocean Tours[1][4]2013 onwards : Cruise & Maritime Voyages,Other,1987,,20704,7,650,176.25,passengers ship,BAHAMAS,nassau
Volendam,PCHM,https://en.wikipedia.org/wiki/MS_Volendam,9156515,245968000,Holland America Line,Holland America Line,,R class cruise ship,61214,10,1432,237,passengers ship,NETHERLANDS,rotterdam
Diamond Princess,ZCDF8,https://en.wikipedia.org/wiki/Diamond_Princess_(ship),9228198,235103359,Princess Cruises,Princess Cruises,2004,Gem class Cruise ship,115906,13,2670,290,passengers ship,UNITED KINGDOM,
Coral Princess,ZCDF4,https://en.wikipedia.org/wiki/Coral_Princess,9229659,310376000,Princess Cruises,Princess Cruises,2003,Coral-class cruise ship,91627,16,1970,294,passengers ship,BERMUDA,hamilton
Dana Sirena,OULA2,https://en.wikipedia.org/wiki/MV_Baie_de_Seine,9212163,226338000,2001 - 2002: Lloyd Sardegna2002 - 2012:  DFDS Tor Line2013 - 2015:  DFDS Seaways2015- Present:  Brittany Ferries,Other,2001,RoPax Ferry,22382,5,610,199.4,ro,FRANCE,le havre
Hrossey,VSTY6,https://en.wikipedia.org/wiki/MV_Hrossey,9244960,235448000,NorthLink Ferries,Other,,,11720,8,600,125,ro,UNITED KINGDOM,
M/V Lituya,WDB6180,https://en.wikipedia.org/wiki/MV_Lituya,9283148,366919560,Alaska Marine Highway System,Other,2004,,758,,150,,ro,USA,metlakatla ak
Disney Wonder,C6QM8,https://en.wikipedia.org/wiki/Disney_Wonder,9126819,308457000,Disney Cruise Line,Disney Cruises,1999,Magic-class (Disney) cruise ship[2],83308,11,2400,294,passengers ship,BAHAMAS,nassau
Island Princess,ZCDG4,https://en.wikipedia.org/wiki/MS_Island_Princess_(2003),9230402,310384000,Princess Cruises,Princess Cruises,2003,Coral-class cruise ship,92822,16,1970,294,passengers ship,BERMUDA,hamilton
Pacific Princess,ZCDS3,https://en.wikipedia.org/wiki/Pacific_Princess,9187887,310504000,1999—2001: Renaissance Cruises2001—2002: laid up2002—present: Princess Cruises[1],Princess Cruises,1999,R class cruise ship,30312,9,688,181,passengers ship,BERMUDA,hamilton
Ocean Princess,ZCDS4,https://en.wikipedia.org/wiki/MS_Sirena,9187899,538006842,1999–2001: Renaissance Cruises2001–2002: laid up2002–2016: Princess Cruises2016-present: Oceania Cruises,Princess Cruises,,R class cruise ship (as built)Regatta class cruise ship (currently),30277,11,,181,passengers ship,MARSHALL IS,majuro
Nieuw Amsterdam,PBWQ,https://en.wikipedia.org/wiki/MS_Nieuw_Amsterdam,9378450,246648000,Holland America Line,Holland America Line,2010,Signature class cruise ship,86273,11,2106,285,passengers ship,NETHERLANDS,rotterdam
Oasis of the Seas,C6XS7,https://en.wikipedia.org/wiki/MS_Oasis_of_the_Seas,9383936,311020600,Royal Caribbean International,Royal Caribbean International,2009,Oasis-class cruise ship,220000,16,5400,360,passengers ship,BAHAMAS,nassau
Pearl Of Scandinavia,OWFU2,https://en.wikipedia.org/wiki/MS_Pearl_Seaways,8701674,219945000,1989–1993: Rederi AB Slite,Other,1988,,40231,,2200,178.4,ro,DENMARK,copenhagen
Queen Victoria,ZCEF3,https://en.wikipedia.org/wiki/MS_Queen_Victoria,9320556,310624000,Cunard Line,Other,2007,Vista-class cruise ship,90049,16,2014,294,passengers ship,BERMUDA,hamilton
Voyager Of The Seas,C6SE5,https://en.wikipedia.org/wiki/MS_Voyager_of_the_Seas,9161716,311317000,Royal Caribbean International,Royal Caribbean International,1999,Voyager-class cruise ship,138194,15,3138,311.1,passengers ship,BAHAMAS,nassau
Crystal Serenity,C6SY3,https://en.wikipedia.org/wiki/Crystal_Serenity,9243667,311536000,Crystal Cruises,Other,2003,,68870,13,1070,250,passengers ship,BAHAMAS,nassau
Carnival Valor,H3VR,https://en.wikipedia.org/wiki/Carnival_Valor,9236389,354298000,Carnival Cruise Line,Carnival Cruise Line,2004,Conquest-class cruise ship,110438,13,2974,,passengers ship,PANAMA,
Elation,3FOC5,https://en.wikipedia.org/wiki/Carnival_Elation,9118721,355831000,Carnival Cruise Lines,Carnival Cruise Line,1998,Fantasy-class cruise ship,70390,13,2052,262,passengers ship,PANAMA,
Carnival Liberty,HPYE,https://en.wikipedia.org/wiki/Carnival_Liberty,9278181,371083000,Carnival Cruise Lines,Carnival Cruise Line,2005,Conquest-class cruise ship,110320,13,2974,,passengers ship,PANAMA,
Norwegian Dream,C6LG5,https://en.wikipedia.org/wiki/SuperStar_Gemini,,,Norwegian Cruise Line:[1] 1993—2008Star Cruises: 2012-Present,Norwegian Cruise Line,1992,Dreamward class cruise ship,50764,10,1750,229.84,,,
Costa Favolosa,ICPK,https://en.wikipedia.org/wiki/Costa_Favolosa,9479852,247311100,Costa Crociere,Costa Crociere,2011,Modified Concordia-class cruise ship,113307,13,3780,290,passengers ship,ITALY,genova
Costa Romantica,IBCR,https://en.wikipedia.org/wiki/Costa_neoRomantica,8821046,247817000,Costa Crociere,Costa Crociere,1993,,56769,12,1600,,passengers ship,ITALY,genova
Caribbean Princess,ZCDG8,https://en.wikipedia.org/wiki/Caribbean_Princess,9215490,310423000,Princess Cruises,Princess Cruises,2004,Caribbean Class cruise ship,112894,17,3142,,passengers ship,BERMUDA,hamilton
Carnival Splendor,3EUS,https://en.wikipedia.org/wiki/Carnival_Splendor,9333163,372808000,Carnival Cruise Lines,Carnival Cruise Line,2008,Splendor-class cruise ship,113562,13,3006,290,passengers ship,PANAMA,
Norwegian Sky,C6PZ8,https://en.wikipedia.org/wiki/Norwegian_Sky,9128532,308865000,Norwegian Cruise Line,Norwegian Cruise Line,1999,Sun-class cruise ship,77104,13,2004,253.6,passengers ship,BAHAMAS,nassau
Norwegian Gem,C6VG8,https://en.wikipedia.org/wiki/Norwegian_Gem,9355733,309951000,Norwegian Cruise Line,Norwegian Cruise Line,,Jewel-class cruise ship,93530,15,2394,,passengers ship,BAHAMAS,nassau
Imagination,C6FN2,https://en.wikipedia.org/wiki/Carnival_Imagination,9053878,309933000,Carnival Corporation & plc,Carnival Cruise Line,,Fantasy-class cruise ship,70367,10,2056,262,passengers ship,BAHAMAS,nassau
Island Escape,C6SK4,https://en.wikipedia.org/wiki/MV_Ocean_Gala,8002597,341929000,1982–1983: Scandinavian World Cruises1983–1985:  DFDS Seaways1985–1987: Sundance Cruises1987–1988: Admiral Cruises1988–1990: Royal Admiral Cruises1990–2002: Royal Caribbean International2002–2009: Island Cruises[1]2009–2015: Thomson Cruises[2]2015-2017: US Shipmanagers,Royal Caribbean International,1981,,40171,9,1544,185.25,passengers ship,ST KITTS NEVIS,nassau
Saga Pearl II,9HA2950,https://en.wikipedia.org/wiki/Saga_Pearl_II,8000214,256878000,1981–1984: HADAG1984–1985: Safmarine1985–2001: Deutsche Seereederei2001–2009: Transocean Tours2009 onwards: Saga Cruises,Other,1981,cruise ship,18627,,602,164.35,passengers ship,MALTA,valletta
Seafrance Nord Pas De Calais,FNBN,https://en.wikipedia.org/wiki/MS_Nord_Pas-de-Calais,8512152,209011000,SNCF,Other,1987,,13727,,80,158.09,ro,CYPRUS,limassol
Catalonia Portsmouth Express,C6FQ4,https://en.wikipedia.org/wiki/HSC_Express,9176046,266447000,Viking Line 2017-presentGotlandsbåten AB 2015-2017 P&O Ferries 2005-2015 P&O Irish Sea 2005-2010 P&O Portsmouth 2000-2005Buquebus 1998-2000,Other,1998,Det Norske Veritas 1A1 HSLC R1 Car Ferry A E0,5903,3,900,91,ro,SWEDEN,uppsala
Ocean Village,GRFP,https://en.wikipedia.org/wiki/MV_Columbus,8611398,311000535,P&O Cruises Australia,Other,1989,,63786,,,247,passengers ship,BAHAMAS,london
Celebrity Solstice,9HRJ9,https://en.wikipedia.org/wiki/Celebrity_Solstice,9362530,249409000,Celebrity Cruises,Celebrity Cruises,2008,Solstice-class cruise ship,121878,19,2852,,passengers ship,MALTA,valletta
Zuiderdam,PBIG,https://en.wikipedia.org/wiki/MS_Zuiderdam,9221279,245304000,Holland America Line,Holland America Line,2002,Vista class cruise ship,82820,11,1916,291,passengers ship,NETHERLANDS,rotterdam
Discovery,ZCDG2,,,,,Other,,,,,,,,,
Hjaltland,VSTY8,https://en.wikipedia.org/wiki/MV_Hjaltland,9244958,235450000,NorthLink Ferries,Other,,"+100 A 1, Ro-Ro Cargo/Passenger Ferry + LMC, UMS, LI, NAV1[4]",11720,,600,125,ro,UNITED KINGDOM,hong kong
Pride Of Rotterdam,PBAJ,https://en.wikipedia.org/wiki/MS_Pride_of_Rotterdam,9208617,244980000,P&O Ferries,Other,2001,Roll-On Roll-Off Cargo and Passenger,59925,12,1360,215,ro,NETHERLANDS,rotterdam
Kennicott,WCY2920,https://en.wikipedia.org/wiki/MV_Kennicott,9145205,368250000,Alaska Marine Highway System,Other,1998,,12635,,748,,ro,USA,valdez ak
Costa Mediterranea,IBCF,https://en.wikipedia.org/wiki/Costa_Mediterranea,9237345,247088200,Costa Crociere,Costa Crociere,2003,Spirit-class cruise ship,85619,12,2114,292.5,passengers ship,ITALY,genova
Legend Of The Seas,C6SL5,https://en.wikipedia.org/wiki/TUI_Discovery_II,9070620,311378000,Thomson Cruises 2017-PresentRoyal Caribbean International 1995-2017,Royal Caribbean International,1994,Vision-class cruise ship,69472,11,2076,264.26,passengers ship,BAHAMAS,nassau
Riverdance,C6CG3,https://en.wikipedia.org/wiki/MS_Riverdance,7635361,,Crescent Marine Services Ltd,Other,1977,,6041,,12,116.31,ro,,
Seafrance Rodin,FOBQ,https://en.wikipedia.org/wiki/MS_C%C3%B4te_des_Dunes,9232527,227022800,Seafrance,Other,2001,,33796,,1900,185,ro,FRANCE,le havre
The Azur,3EPR5,https://en.wikipedia.org/wiki/MS_Royal_Iris,7032997,273397120,1971-1975: Southern Ferries1975-1987: Nouvelle Cie. de Paquebots1987-1994: Chandris Lines1994-2004: Festival Cruises2005-2014: Mano Maritime[1]2017-Present: Black Sea Cruises,Other,1971,,9159,,,142.12,passengers ship,RUSSIA,novorossiysk
Hanseatic,C6KA9,https://en.wikipedia.org/wiki/MS_Hanseatic,9000168,309577000,Hapag-Lloyd,Other,1991,,8378,,184,122.83,passengers ship,BAHAMAS,nassau
Star Pisces,3FWP3,https://en.wikipedia.org/wiki/Star_Pisces,8710857,311000164,1990–1994: Rederi AB Slite,Other,1989,,40053,,1900,176.6,passengers ship,BAHAMAS,nassau
Adventure of The Seas,C6SA3,https://en.wikipedia.org/wiki/MS_Adventure_of_the_Seas,9167227,311263000,Royal Caribbean International,Royal Caribbean International,2001,,137276,,,311,passengers ship,BAHAMAS,nassau
Seabourn Spirit,C6FR4,https://en.wikipedia.org/wiki/Star_Breeze,8807997,311083000,1989–2015: Seabourn Cruise Line2015–present: Windstar Cruises,Other,1988,,9975,4,208,134,passengers ship,BAHAMAS,nassau
National Geographic Sea Lion,WUR9646,https://en.wikipedia.org/wiki/National_Geographic_Endeavour,6611863,735058913,Lindblad Expeditions,Other,1966,,3132,6,169,89.17,passengers ship,ECUADOR,
Artemis,ZCDM7,https://en.wikipedia.org/wiki/MV_Artania,8201480,311000608,1984–2005: Princess Cruises2005–2011: P&O Cruises2011–present: Phoenix-Reisen,Princess Cruises,1984,,44656,8,,230,passengers ship,BAHAMAS,
Carnival Vista,3EMB9,https://en.wikipedia.org/wiki/Carnival_Vista,9692569,356883000,Carnival Cruise Line,Carnival Cruise Line,2016,,133596,15,3936,323,passengers ship,PANAMA,
Celebrity Equinox,9HXD9,https://en.wikipedia.org/wiki/Celebrity_Equinox,9372456,249667000,Celebrity Cruises,Celebrity Cruises,2009,Solstice-class cruise ship,121878,19,2850,317.2,passengers ship,MALTA,valletta
River Lune,C6LT7,https://en.wikipedia.org/wiki/River_Lune,,,,Other,,,,,,,,,
Bretagne,FNBR,https://en.wikipedia.org/wiki/MV_Bretagne,8707329,227286000,Brittany Ferries,Other,1989,,24534,,1980,152.8,ro,FRANCE,morlaix
Grand Princess,ZCBU5,https://en.wikipedia.org/wiki/Grand_Princess,9104005,310327000,Princess Cruises,Princess Cruises,1998,,107517,17,,289.86,passengers ship,BERMUDA,hamilton
Norwegian Dawn,C6FT7,https://en.wikipedia.org/wiki/Norwegian_Dawn,9195169,311307000,Norwegian Cruise Line,Norwegian Cruise Line,2002,Libra-class cruise ship,92250,15,2340,292,passengers ship,BAHAMAS,nassau
Rhapsody,IBQF,,,,,Other,,,,,,,,,
Norway,C6CM7,https://en.wikipedia.org/wiki/Norway,,,,Other,,,,,,,,,
Pride Of Burgundy,MQSQ9,https://en.wikipedia.org/wiki/MS_Pride_of_Burgundy,9015254,232001470,P&O Ferries,Other,1993,,28138,,,179.7,ro,UNITED KINGDOM,dover
Pont Aven,FNPN,https://en.wikipedia.org/wiki/MV_Pont-Aven,9268708,228183600,Brittany Ferries,Other,2004,,40859,10,2415,184.3,ro,FRANCE,morlaix
Kapitan Dranitsyn,UCJP,https://en.wikipedia.org/wiki/Kapitan_Dranitsyn,7824405,273138300,Murmansk Shipping Company,Other,1980,Icebreaker,12919,,102,129.02,icebreaker,RUSSIA,murmansk
Enchantment of the Seas,C6FZ7,https://en.wikipedia.org/wiki/MS_Enchantment_of_the_Seas,9111802,311733000,Royal Caribbean International,Royal Caribbean International,1997,Vision-class cruise ship,82910,11,,,passengers ship,BAHAMAS,nassau
Norbank,PGIS,https://en.wikipedia.org/wiki/MS_Norbank,9056583,246213000,North Sea Ferries,Other,1993,,17464,,,166.77,ro,NETHERLANDS,rotterdam
Wind Spirit,C6CY9,https://en.wikipedia.org/wiki/Msy_Wind_Spirit,8603509,309056000,Windstar Cruises Ltd.[1],Other,1987,,5736,,148,134,passengers ship,BAHAMAS,nassau
Silver Shadow,C6FN6,https://en.wikipedia.org/wiki/Silver_Shadow_(ship),9192167,308628000,Silversea Cruises,Silversea Cruises,2000,,28258,10,382,186,passengers ship,BAHAMAS,nassau
Millennium,9HJF9,https://en.wikipedia.org/wiki/Celebrity_Millennium,9189419,249055000,Celebrity Cruises,Celebrity Cruises,2000,Millennium-class cruise ship,90963,11,2138,294,passengers ship,MALTA,valletta
Ruby Princess,ZCDY2,https://en.wikipedia.org/wiki/Ruby_Princess,9378462,310567000,Princess Cruises,Princess Cruises,2008,Grand class cruise ship,113561,19,3080,,passengers ship,BERMUDA,hamilton
